operator_id,tariff_plan,num_missed_calls_in,avg_waiting_time_in,num_calls_out,complete_tasks,performance,rigor_complete_tasks
0,A,1203.0,364.86,0,False,0.52,False
0,B,2867.0,163.65,0,False,0.4,False
0,C,3466.0,125.04,0,False,0.35,False
879896,B,0.0,27.33,876,True,0.79,True
879898,B,0.0,29.47,7443,True,0.81,True
880020,B,0.0,7.71,46,True,0.8,True
880022,B,0.0,14.0,202,True,0.8,True
880026,B,0.0,7.94,2256,True,0.8,True
880028,B,0.0,8.37,2614,True,0.81,True
880240,other,,,48,False,,False
881278,other,,,20,False,,False
882476,C,0.0,31.67,0,True,0.79,True
882478,C,0.0,38.0,1,True,0.79,True
882680,B,3.0,37.0,0,True,0.79,False
882684,B,4.0,190.52,663,True,0.73,True
882686,B,3.0,170.65,2931,True,0.74,True
882688,B,0.0,336.5,43,True,0.67,True
882690,B,2.0,322.82,1521,True,0.68,True
883018,other,,,2,False,,False
883898,other,,,1,False,,False
883940,B,0.0,15.2,682,True,0.8,True
883942,B,0.0,15.51,2093,True,0.8,True
884294,A,0.0,6.0,0,True,0.8,True
884402,other,,,4,False,,False
884406,other,,,5,False,,False
884408,B,1.0,71.33,25,True,0.77,False
884412,B,0.0,46.88,775,True,0.78,True
884478,B,0.0,26.92,2295,True,0.8,True
884524,B,0.0,9.5,0,True,0.8,True
884946,C,0.0,22.71,1987,True,0.8,True
885682,other,,,3,False,,False
885876,A,15.0,102.5,62491,True,0.96,True
885890,A,16.0,126.45,61310,True,0.94,True
886146,A,0.0,9.0,51,True,0.8,True
886674,C,0.0,18.67,0,True,0.79,True
886892,C,0.0,58.0,0,True,0.78,True
887276,B,1.0,180.63,921,True,0.73,True
887278,B,0.0,37.46,260,True,0.79,True
887280,other,,,8,False,,False
887282,B,0.0,62.45,2375,True,0.78,True
887416,C,0.0,27.36,0,True,0.79,True
887802,B,0.0,34.83,123,True,0.79,True
887992,other,,,47,False,,False
888406,C,1.0,36.43,6,True,0.79,False
888520,C,0.0,18.8,0,True,0.79,True
888532,A,2.0,32.11,189,True,0.79,False
888534,A,1.0,49.51,319,True,0.78,False
888536,A,0.0,21.5,52,True,0.79,True
888538,A,0.0,24.0,5,True,0.79,True
888540,A,0.0,19.67,15,True,0.79,True
888868,B,0.0,32.33,54,True,0.79,True
889410,C,0.0,35.15,1038,True,0.79,True
889638,C,0.0,19.33,0,True,0.79,True
889640,C,0.0,13.5,0,True,0.8,True
889754,A,1.0,53.52,1259,True,0.78,True
890226,C,0.0,27.33,3,True,0.79,True
890228,C,1.0,17.33,86,True,0.79,True
890232,other,,,33,False,,False
890234,other,,,1,False,,False
890402,B,0.0,76.15,1292,True,0.77,True
890404,B,2.0,72.22,1406,True,0.78,True
890406,B,3.0,54.84,1240,True,0.78,True
890410,B,0.0,36.0,1288,True,0.79,True
890412,B,0.0,52.71,1147,True,0.78,True
890416,other,,,1304,True,,True
890420,other,,,721,True,,True
890422,other,,,446,False,,False
890582,C,1.0,32.65,63,True,0.79,False
890618,C,0.0,2.77,271,True,0.8,True
891152,other,,,282,False,,False
891154,other,,,547,False,,False
891156,other,,,20,False,,False
891158,other,,,270,False,,False
891160,other,,,372,False,,False
891162,other,,,107,False,,False
891166,other,,,241,False,,False
891170,other,,,204,False,,False
891192,other,,,1,False,,False
891250,other,,,2,False,,False
891252,other,,,93,False,,False
891254,B,0.0,26.0,0,True,0.79,True
891410,C,1.0,126.06,2851,True,0.76,True
891414,C,1.0,100.39,2635,True,0.77,True
891416,C,0.0,44.28,779,True,0.79,True
891646,B,0.0,23.43,0,True,0.79,True
891744,B,0.0,26.75,6,True,0.79,True
891746,other,,,33,False,,False
891824,B,0.0,27.86,32,True,0.79,True
891900,C,0.0,72.94,0,True,0.77,True
891906,C,0.0,61.45,0,True,0.78,True
891908,A,0.0,14.67,11,True,0.79,True
891918,A,0.0,31.2,1,True,0.79,True
891946,C,0.0,24.31,32,True,0.79,True
891948,C,0.0,3.0,0,True,0.8,True
891970,other,,,15,False,,False
891976,other,,,2,False,,False
891988,C,0.0,61.35,489,True,0.78,True
892028,other,,,1384,True,,True
892530,B,0.0,43.14,9,True,0.78,True
892532,B,0.0,66.54,95,True,0.77,True
892534,B,0.0,117.62,11,True,0.75,True
892536,B,0.0,52.91,17,True,0.78,True
892538,B,0.0,50.0,116,True,0.78,True
892798,A,0.0,43.0,36,True,0.78,True
892800,other,,,10,False,,False
893172,C,0.0,38.91,3,True,0.78,True
893400,C,0.0,19.5,3,True,0.79,True
893402,C,1.0,68.88,55,True,0.77,False
893420,C,1.0,82.76,31,True,0.77,False
893674,other,,,2599,True,,True
893700,other,,,6,False,,False
893804,C,8.0,117.35,3692,True,0.76,True
894120,C,1.0,47.56,0,True,0.78,False
894224,B,0.0,13.75,33,True,0.8,True
894226,other,,,25,False,,False
894230,B,0.0,45.5,15,True,0.78,True
894232,B,0.0,19.5,16,True,0.79,True
894614,B,1.0,19.17,0,True,0.79,True
894656,B,0.0,32.2,3218,True,0.8,True
894662,B,0.0,9.0,38,True,0.8,True
894934,other,,,19,False,,False
895140,A,0.0,76.0,0,True,0.77,True
895170,C,0.0,16.1,0,True,0.79,True
895172,A,0.0,15.33,85,True,0.79,True
895266,B,0.0,10.0,1,True,0.8,True
895370,other,,,10,False,,False
895574,A,0.0,31.15,0,True,0.79,True
895576,A,1.0,30.18,0,True,0.79,True
895578,A,0.0,22.81,0,True,0.79,True
895598,C,0.0,9.0,2,True,0.8,True
895774,B,0.0,23.67,114,True,0.79,True
895776,B,1.0,17.5,239,True,0.79,True
895782,C,0.0,31.12,0,True,0.79,True
895786,C,0.0,59.5,0,True,0.78,True
896008,other,,,195,False,,False
896010,A,0.0,26.57,5,True,0.79,True
896012,A,1.0,23.73,0,True,0.79,True
896014,A,0.0,15.75,8,True,0.79,True
896016,A,0.0,19.0,269,True,0.79,True
896018,A,0.0,27.12,9,True,0.79,True
896020,A,0.0,5.0,0,True,0.8,True
896382,B,0.0,39.09,396,True,0.79,True
896384,other,,,28,False,,False
896386,other,,,76,False,,False
896390,other,,,97,False,,False
896428,C,0.0,23.62,188,True,0.79,True
896430,C,0.0,13.0,18,True,0.8,True
896536,A,2.0,56.46,0,True,0.78,False
896538,A,1.0,60.45,0,True,0.78,False
896708,B,0.0,72.0,152,True,0.77,True
897030,C,0.0,15.2,75,True,0.79,True
897872,C,1.0,21.67,51,True,0.79,True
897894,other,,,19,False,,False
898414,B,1.0,86.0,59,True,0.77,False
898422,B,1.0,46.7,31,True,0.78,False
898434,other,,,10,False,,False
898558,C,0.0,51.83,0,True,0.78,True
898560,C,0.0,78.0,0,True,0.77,True
898676,B,0.0,8.0,0,True,0.8,True
898892,C,0.0,19.9,83,True,0.79,True
898902,other,,,22,False,,False
898906,B,0.0,57.0,127,True,0.78,True
898920,B,0.0,97.0,37,True,0.76,True
899076,other,,,2,False,,False
899082,C,0.0,197.63,1565,True,0.73,True
899250,C,4.0,55.06,1540,True,0.78,True
899268,B,2.0,26.83,0,True,0.79,True
899788,other,,,627,True,,True
899790,other,,,731,True,,True
899892,B,0.0,31.67,0,True,0.79,True
899898,B,0.0,25.0,0,True,0.79,True
899900,B,0.0,58.0,0,True,0.78,True
899906,B,0.0,19.0,0,True,0.79,True
899912,B,0.0,19.0,0,True,0.79,True
899932,other,,,712,True,,True
899964,other,,,469,False,,False
899968,other,,,388,False,,False
899972,other,,,195,False,,False
900180,C,0.0,36.0,1723,True,0.79,True
900192,B,0.0,5.0,1,True,0.8,True
900194,B,3.0,33.03,45,True,0.79,False
900352,C,0.0,55.39,313,True,0.78,True
900354,C,1.0,53.0,481,True,0.78,False
900458,C,0.0,9.0,28,True,0.8,True
900492,B,1.0,17.0,242,True,0.79,True
900592,B,0.0,44.85,113,True,0.78,True
900594,C,0.0,18.25,201,True,0.79,True
900614,B,0.0,17.92,34,True,0.79,True
900742,C,0.0,31.44,18,True,0.79,True
900746,C,1.0,59.7,51,True,0.78,False
900788,B,1.0,19.07,92,True,0.79,True
900790,B,0.0,46.38,55,True,0.78,True
900792,B,0.0,34.0,7,True,0.79,True
900826,B,0.0,19.7,532,True,0.79,True
900892,B,3.0,25.67,948,True,0.79,True
900894,B,1.0,29.93,220,True,0.79,True
901034,B,0.0,15.9,12,True,0.79,True
901038,B,0.0,28.5,33,True,0.79,True
901178,C,0.0,85.43,27,True,0.77,True
901350,C,0.0,73.22,0,True,0.77,True
901492,C,0.0,30.21,3,True,0.79,True
901498,C,0.0,66.25,0,True,0.77,True
901584,C,0.0,14.5,176,True,0.8,True
901586,C,0.0,11.63,96,True,0.8,True
901588,C,0.0,8.74,55,True,0.8,True
901734,C,0.0,30.23,0,True,0.79,True
901880,C,10.0,88.59,2490,True,0.77,True
901884,C,0.0,81.59,2110,True,0.77,True
901886,C,0.0,54.22,1507,True,0.78,True
901894,C,0.0,82.44,0,True,0.77,True
901992,B,0.0,13.0,671,True,0.8,True
901996,B,0.0,43.0,26,True,0.78,True
902238,C,0.0,8.0,1,True,0.8,True
902510,B,2.0,157.96,1890,True,0.74,True
902532,B,1.0,119.71,884,True,0.76,True
902608,B,0.0,27.4,219,True,0.79,True
902720,B,0.0,47.36,2532,True,0.79,True
902742,other,,,1186,True,,True
902744,other,,,3422,True,,True
902746,other,,,2686,True,,True
902748,other,,,2765,True,,True
902774,other,,,1125,True,,True
902776,other,,,1661,True,,True
902778,other,,,1324,True,,True
902782,other,,,1442,True,,True
902906,C,0.0,21.23,0,True,0.79,True
902910,C,1.0,36.8,0,True,0.79,False
903254,C,0.0,59.91,1502,True,0.78,True
903292,C,0.0,73.62,301,True,0.77,True
903312,C,1.0,43.31,53,True,0.78,False
903318,C,0.0,47.3,1216,True,0.79,True
903390,C,0.0,20.29,0,True,0.79,True
903512,A,0.0,70.0,0,True,0.77,True
903974,C,0.0,83.5,0,True,0.77,True
903976,C,0.0,21.0,0,True,0.79,True
903978,C,0.0,38.0,10,True,0.79,True
904014,C,0.0,38.92,1294,True,0.79,True
904016,C,2.0,35.62,4843,True,0.8,True
904038,C,2.0,52.65,219,True,0.78,False
904044,C,0.0,47.9,25,True,0.78,True
904058,C,0.0,18.29,0,True,0.79,True
904200,B,0.0,24.33,10,True,0.79,True
904202,B,0.0,13.5,234,True,0.8,True
904204,B,0.0,40.25,54,True,0.78,True
904284,C,0.0,25.1,0,True,0.79,True
904344,B,0.0,17.0,5,True,0.79,True
904372,B,0.0,34.0,0,True,0.79,True
905082,C,0.0,34.0,0,True,0.79,True
905104,B,1.0,86.09,188,True,0.77,False
905300,C,2.0,34.5,0,True,0.79,False
905308,other,,,3,False,,False
905430,C,1.0,41.62,774,True,0.79,True
905432,C,0.0,10.67,837,True,0.8,True
905470,other,,,3,False,,False
905472,B,0.0,21.0,9,True,0.79,True
905478,B,0.0,36.0,0,True,0.79,True
905480,other,,,1,False,,False
905538,C,0.0,81.88,3287,True,0.78,True
905542,C,0.0,44.91,2023,True,0.79,True
905564,C,0.0,46.17,705,True,0.78,True
905566,C,0.0,31.64,891,True,0.79,True
905570,other,,,96,False,,False
905574,C,0.0,14.0,463,True,0.8,True
905840,other,,,7,False,,False
905842,B,0.0,115.5,1221,True,0.76,True
905844,B,0.0,13.58,1058,True,0.8,True
905862,C,3.0,31.49,1,True,0.79,False
905870,B,0.0,54.55,579,True,0.78,True
905930,C,0.0,13.33,361,True,0.8,True
905932,C,0.0,11.52,337,True,0.8,True
905934,C,0.0,9.0,20,True,0.8,True
906070,C,1.0,946.64,89,True,0.42,False
906076,C,0.0,611.5,1,True,0.56,True
906294,C,2.0,28.63,295,True,0.79,True
906296,C,0.0,32.5,206,True,0.79,True
906392,A,0.0,28.6,58,True,0.79,True
906394,A,0.0,45.16,520,True,0.78,True
906396,A,0.0,116.35,418,True,0.76,True
906398,A,0.0,56.68,41,True,0.78,True
906400,A,0.0,99.08,427,True,0.76,True
906402,A,0.0,54.0,17,True,0.78,True
906404,A,4.0,329.15,624,True,0.67,True
906406,A,1.0,433.59,1148,True,0.63,True
906408,A,2.0,262.15,86,True,0.7,False
906410,A,2.0,192.0,18,True,0.72,False
906412,A,0.0,20.0,284,True,0.79,True
906416,A,0.0,16.6,73,True,0.79,True
906418,A,0.0,20.0,4,True,0.79,True
906420,A,0.0,11.0,31,True,0.8,True
906680,B,0.0,130.84,160,True,0.75,True
906866,other,,,655,True,,True
907174,B,0.0,69.62,2595,True,0.78,True
907178,C,0.0,36.0,200,True,0.79,True
907180,other,,,87,False,,False
907182,C,0.0,21.0,239,True,0.79,True
907224,C,0.0,52.27,311,True,0.78,True
907440,A,0.0,23.83,170,True,0.79,True
907442,other,,,90,False,,False
907502,A,2.0,80.92,0,True,0.77,False
907504,B,0.0,27.25,24,True,0.79,True
907618,C,0.0,35.0,0,True,0.79,True
907952,B,0.0,29.65,181,True,0.79,True
907964,B,0.0,22.83,62,True,0.79,True
907970,B,0.0,20.21,169,True,0.79,True
907972,B,0.0,14.25,8,True,0.79,True
907974,B,0.0,9.67,0,True,0.8,True
907982,B,1.0,40.8,89,True,0.78,False
907986,B,0.0,20.0,439,True,0.79,True
907994,B,0.0,26.74,106,True,0.79,True
907998,other,,,2,False,,False
908002,B,0.0,24.75,16,True,0.79,True
908078,C,0.0,23.93,56,True,0.79,True
908080,C,0.0,17.5,1,True,0.79,True
908082,C,0.0,15.5,20,True,0.79,True
908098,C,0.0,52.67,0,True,0.78,True
908130,C,0.0,28.33,0,True,0.79,True
908152,C,0.0,58.0,0,True,0.78,True
908162,C,0.0,79.5,0,True,0.77,True
908180,C,0.0,15.0,0,True,0.79,True
908300,C,0.0,84.5,0,True,0.77,True
908640,other,,,15236,True,,True
908718,other,,,3,False,,False
908834,A,0.0,195.25,2,True,0.72,True
908958,A,0.0,285.33,118,True,0.69,True
908960,A,5.0,153.79,116,True,0.74,False
908984,other,,,8,False,,False
909134,C,0.0,107.77,6,True,0.76,True
909308,other,,,15,False,,False
909392,C,0.0,26.0,0,True,0.79,True
909452,other,,,8,False,,False
909502,other,,,823,True,,True
909624,B,0.0,50.5,0,True,0.78,True
909768,C,0.0,42.0,0,True,0.78,True
909892,C,0.0,14.0,4,True,0.79,True
909894,C,0.0,13.0,0,True,0.8,True
909896,C,0.0,9.0,0,True,0.8,True
909910,other,,,324,False,,False
910018,C,0.0,58.24,0,True,0.78,True
910038,B,0.0,15.0,0,True,0.79,True
910044,B,0.0,28.2,0,True,0.79,True
910224,C,0.0,19.12,0,True,0.79,True
910226,B,0.0,17.67,0,True,0.79,True
910516,C,0.0,31.86,0,True,0.79,True
910520,other,,,199,False,,False
910524,other,,,85,False,,False
910530,other,,,1077,True,,True
910532,other,,,163,False,,False
910540,C,1.0,55.34,0,True,0.78,False
910594,other,,,28,False,,False
910902,other,,,15,False,,False
910926,other,,,25,False,,False
910958,A,0.0,70.9,0,True,0.77,True
911102,C,3.0,41.1,0,True,0.78,False
911104,C,0.0,13.0,0,True,0.8,True
911136,C,1.0,91.96,0,True,0.76,False
911138,C,3.0,101.61,0,True,0.76,False
911140,C,2.0,55.76,0,True,0.78,False
911142,C,3.0,63.47,0,True,0.77,False
911152,C,0.0,43.0,0,True,0.78,True
911214,C,0.0,18.0,0,True,0.79,True
911310,C,2.0,100.07,97,True,0.76,False
912010,B,2.0,49.94,0,True,0.78,False
912252,B,0.0,22.37,246,True,0.79,True
912296,A,3.0,42.57,497,True,0.78,False
912684,C,0.0,59.87,0,True,0.78,True
912722,B,0.0,20.76,396,True,0.79,True
913474,A,0.0,74.0,11,True,0.77,True
913780,C,0.0,29.67,0,True,0.79,True
913788,C,2.0,192.02,999,True,0.73,True
913868,A,0.0,48.0,25,True,0.78,True
913886,B,0.0,16.0,0,True,0.79,True
913938,B,13.0,526.94,411,False,0.59,False
913942,B,10.0,431.7,444,True,0.63,False
913984,B,0.0,17.0,11,True,0.79,True
914036,other,,,25,False,,False
914050,B,0.0,10.2,413,True,0.8,True
914052,other,,,1432,True,,True
914168,B,0.0,11.0,10,True,0.8,True
914170,B,0.0,28.6,4,True,0.79,True
914172,B,0.0,34.5,0,True,0.79,True
914238,other,,,335,False,,False
914240,other,,,46,False,,False
914256,B,0.0,24.53,1,True,0.79,True
914266,other,,,5,False,,False
914272,other,,,1,False,,False
914338,other,,,48,False,,False
914348,other,,,6,False,,False
914426,A,0.0,23.0,4,True,0.79,True
914440,C,1.0,30.16,1,True,0.79,True
914626,other,,,1,False,,False
914630,B,0.0,19.83,137,True,0.79,True
914636,B,0.0,14.0,15,True,0.79,True
914816,other,,,7,False,,False
914842,B,0.0,18.83,0,True,0.79,True
914848,A,0.0,18.5,20,True,0.79,True
914870,A,0.0,21.0,4,True,0.79,True
915358,other,,,253,False,,False
915360,other,,,277,False,,False
915504,other,,,33,False,,False
915556,B,3.0,19.97,2125,True,0.8,True
915558,other,,,161,False,,False
915614,B,0.0,56.0,76,True,0.78,True
915958,A,0.0,37.17,19,True,0.79,True
916424,C,3.0,118.86,143,True,0.75,False
916596,other,,,30,False,,False
916618,C,0.0,35.4,105,True,0.79,True
917234,B,0.0,13.8,1202,True,0.8,True
917252,A,0.0,83.0,14,True,0.77,True
917378,A,0.0,12.5,14,True,0.8,True
917446,other,,,15,False,,False
917680,A,0.0,100.0,43,True,0.76,True
917682,other,,,7,False,,False
917846,C,0.0,12.5,37,True,0.8,True
917850,C,1.0,58.65,164,True,0.78,False
917852,C,1.0,151.79,1034,True,0.74,True
917856,C,0.0,16.5,75,True,0.79,True
917858,C,0.0,14.0,4,True,0.79,True
917876,C,0.0,15.43,2,True,0.79,True
917890,other,,,1,False,,False
918390,other,,,247,False,,False
918436,A,1.0,31.6,776,True,0.79,True
918452,other,,,319,False,,False
918888,B,1.0,9.38,3,True,0.8,True
918956,A,0.0,34.5,17,True,0.79,True
918958,A,0.0,37.0,8,True,0.79,True
918978,B,4.0,166.93,1278,True,0.74,True
918986,B,0.0,137.12,1419,True,0.75,True
918988,B,0.0,13.0,1,True,0.8,True
919126,other,,,291,False,,False
919128,other,,,388,False,,False
919162,other,,,2933,True,,True
919164,A,2.0,308.77,11,True,0.68,False
919166,A,2.0,465.75,21,True,0.62,False
919188,other,,,831,True,,True
919190,A,0.0,11.0,83,True,0.8,True
919192,other,,,2233,True,,True
919194,other,,,1452,True,,True
919196,other,,,2756,True,,True
919198,other,,,1066,True,,True
919200,other,,,1297,True,,True
919202,other,,,2552,True,,True
919204,A,4.0,585.12,9,True,0.57,False
919206,A,5.0,430.29,1,True,0.63,False
919214,B,0.0,51.1,1,True,0.78,True
919218,B,0.0,30.89,302,True,0.79,True
919302,other,,,2457,True,,True
919306,other,,,1611,True,,True
919310,other,,,2181,True,,True
919314,other,,,2566,True,,True
919318,other,,,1846,True,,True
919362,other,,,2546,True,,True
919364,other,,,5096,True,,True
919370,other,,,1324,True,,True
919372,other,,,1563,True,,True
919374,other,,,2021,True,,True
919376,other,,,1284,True,,True
919378,other,,,1174,True,,True
919382,other,,,1797,True,,True
919390,other,,,793,True,,True
919418,other,,,2,False,,False
919456,other,,,1367,True,,True
919464,other,,,1289,True,,True
919476,other,,,2005,True,,True
919482,other,,,1463,True,,True
919490,other,,,1668,True,,True
919504,other,,,2109,True,,True
919536,B,0.0,9.0,12,True,0.8,True
919552,B,0.0,569.57,64,True,0.57,True
919554,B,0.0,582.28,12,True,0.57,True
919790,B,0.0,866.8,23,True,0.46,True
919792,B,2.0,391.47,68,True,0.64,False
919794,B,1.0,1007.38,21,True,0.4,False
919896,B,0.0,18.0,0,True,0.79,True
919906,other,,,1665,True,,True
919910,other,,,353,False,,False
919956,C,0.0,10.75,0,True,0.8,True
919958,C,0.0,35.0,0,True,0.79,True
919994,C,0.0,69.5,0,True,0.77,True
920146,other,,,87,False,,False
920414,other,,,1266,True,,True
920416,other,,,1576,True,,True
920666,C,1.0,39.71,273,True,0.79,False
920706,B,0.0,63.17,142,True,0.78,True
920720,B,0.0,50.71,203,True,0.78,True
920726,B,0.0,38.9,53,True,0.79,True
920728,B,3.0,87.97,102,True,0.77,False
920732,B,0.0,68.83,160,True,0.77,True
920838,B,0.0,31.67,176,True,0.79,True
920852,B,3.0,51.32,286,True,0.78,False
920874,C,0.0,48.05,0,True,0.78,True
920902,B,1.0,88.58,17,True,0.77,False
920928,other,,,15,False,,False
920930,A,0.0,62.0,0,True,0.78,True
920982,B,0.0,48.22,0,True,0.78,True
921062,B,0.0,36.85,8,True,0.79,True
921102,C,0.0,29.33,17,True,0.79,True
921104,C,0.0,30.75,9,True,0.79,True
921116,other,,,105,False,,False
921306,C,4.0,179.09,573,True,0.73,False
921316,other,,,84,False,,False
921318,C,6.0,616.89,2845,True,0.56,True
921320,C,0.0,87.95,296,True,0.77,True
921574,other,,,1690,True,,True
921584,other,,,1321,True,,True
921592,other,,,1720,True,,True
921594,other,,,1078,True,,True
921596,other,,,1339,True,,True
921814,C,1.0,56.6,44,True,0.78,False
921818,C,6.0,282.91,2170,True,0.69,True
922114,A,0.0,61.0,11,True,0.78,True
922142,other,,,771,True,,True
922154,C,0.0,9.0,0,True,0.8,True
922356,B,0.0,52.44,0,True,0.78,True
922428,C,0.0,14.25,208,True,0.8,True
922474,C,0.0,31.69,211,True,0.79,True
922476,other,,,201,False,,False
922486,C,0.0,8.0,7,True,0.8,True
922698,C,0.0,21.5,12,True,0.79,True
922710,other,,,1732,True,,True
923250,other,,,148,False,,False
923254,C,0.0,45.0,9,True,0.78,True
923526,C,2.0,111.11,1901,True,0.76,True
923528,C,2.0,59.94,651,True,0.78,True
923646,C,0.0,19.0,0,True,0.79,True
923666,other,,,1919,True,,True
923744,C,0.0,5.0,0,True,0.8,True
923944,C,0.0,17.21,0,True,0.79,True
924356,other,,,262,False,,False
924370,other,,,15,False,,False
924544,C,0.0,20.18,13,True,0.79,True
924546,C,1.0,30.48,73,True,0.79,True
924572,other,,,1,False,,False
924614,C,0.0,9.25,16,True,0.8,True
924662,B,0.0,20.0,0,True,0.79,True
924928,A,0.0,69.14,50,True,0.77,True
924930,A,1.0,35.38,229,True,0.79,False
924932,A,0.0,18.0,28,True,0.79,True
924934,A,0.0,64.0,577,True,0.78,True
924936,A,1.0,25.67,0,True,0.79,True
924940,A,0.0,27.33,195,True,0.79,True
924946,A,0.0,43.0,44,True,0.78,True
924948,A,1.0,22.67,256,True,0.79,True
924950,A,0.0,34.71,296,True,0.79,True
924952,A,0.0,42.45,90,True,0.78,True
924954,A,1.0,46.46,118,True,0.78,False
924956,A,0.0,32.74,65,True,0.79,True
924958,A,0.0,22.0,223,True,0.79,True
924960,A,1.0,38.06,236,True,0.79,False
925104,A,0.0,112.12,1272,True,0.76,True
925106,B,0.0,37.73,0,True,0.79,True
925134,other,,,44,False,,False
925808,B,0.0,23.22,0,True,0.79,True
925826,B,0.0,30.17,511,True,0.79,True
925828,B,0.0,29.41,459,True,0.79,True
925922,A,4.0,120.96,20367,True,0.82,True
926184,C,0.0,25.8,31,True,0.79,True
926214,C,0.0,27.0,0,True,0.79,True
926312,A,0.0,15.0,130,True,0.79,True
926486,C,0.0,10.73,2467,True,0.8,True
926490,B,1.0,27.33,134,True,0.79,True
926872,C,1.0,1.46,7,True,0.8,True
927070,A,0.0,70.75,0,True,0.77,True
927142,C,0.0,3.75,3,True,0.8,True
927908,C,0.0,4.33,0,True,0.8,True
927910,C,1.0,6.56,0,True,0.8,True
927912,C,1.0,5.75,0,True,0.8,True
927916,C,0.0,15.28,428,True,0.8,True
928022,C,0.0,31.0,0,True,0.79,True
928092,C,0.0,78.67,0,True,0.77,True
928142,B,0.0,13.71,0,True,0.79,True
928202,B,0.0,26.5,0,True,0.79,True
928228,other,,,69,False,,False
928282,other,,,2,False,,False
928284,other,,,2,False,,False
928312,C,0.0,18.64,1851,True,0.8,True
928382,B,1.0,3.86,10,True,0.8,True
928404,C,0.0,25.67,0,True,0.79,True
928518,other,,,337,False,,False
928886,C,0.0,18.25,731,True,0.8,True
928888,C,1.0,72.11,610,True,0.77,True
928926,C,0.0,5.0,15,True,0.8,True
929228,B,0.0,24.0,87,True,0.79,True
929332,C,0.0,33.5,0,True,0.79,True
929340,C,0.0,58.17,0,True,0.78,True
929424,C,2.0,34.52,3977,True,0.8,True
929426,other,,,11899,True,,True
929428,other,,,24274,True,,True
929542,other,,,2,False,,False
929544,other,,,66,False,,False
929622,C,0.0,20.25,4,True,0.79,True
929626,C,0.0,24.33,20,True,0.79,True
929876,A,1.0,25.89,85,True,0.79,True
929884,A,0.0,44.55,25,True,0.78,True
930020,C,4.0,24.86,567,True,0.79,True
930186,B,0.0,6.75,53,True,0.8,True
930242,B,1.0,17.25,0,True,0.79,True
930264,C,0.0,13.0,0,True,0.8,True
930326,C,0.0,14.62,1,True,0.79,True
930510,C,0.0,22.0,2,True,0.79,True
930524,other,,,28,False,,False
930582,B,0.0,16.0,0,True,0.79,True
930586,other,,,225,False,,False
930590,other,,,62,False,,False
930594,B,0.0,21.0,53,True,0.79,True
930660,B,0.0,13.0,19,True,0.8,True
930662,other,,,23,False,,False
930690,C,0.0,6.5,4,True,0.8,True
930692,other,,,6,False,,False
930814,B,0.0,19.44,3,True,0.79,True
930816,B,0.0,12.75,1,True,0.8,True
930818,B,0.0,13.67,0,True,0.79,True
930820,B,0.0,14.2,1,True,0.79,True
930908,B,0.0,8.82,42,True,0.8,True
930910,B,0.0,5.0,12,True,0.8,True
930912,other,,,215,False,,False
930914,other,,,315,False,,False
931458,C,9.0,694.82,2379,True,0.53,True
931914,C,0.0,28.33,0,True,0.79,True
932050,other,,,145,False,,False
932088,other,,,12,False,,False
932246,other,,,1,False,,False
932292,B,0.0,22.0,100,True,0.79,True
932304,B,0.0,20.0,44,True,0.79,True
932460,B,1.0,27.87,0,True,0.79,True
932498,B,0.0,11.0,341,True,0.8,True
932500,B,0.0,24.0,1167,True,0.79,True
932502,B,0.0,15.75,756,True,0.8,True
932672,C,0.0,3.33,0,True,0.8,True
932676,other,,,4,False,,False
932750,B,0.0,23.0,17,True,0.79,True
932754,B,0.0,5.5,3,True,0.8,True
932798,C,1.0,36.96,12,True,0.79,False
932836,A,0.0,24.55,310,True,0.79,True
932856,other,,,4,False,,False
933070,B,1.0,72.67,782,True,0.77,True
933244,B,0.0,9.0,84,True,0.8,True
933452,other,,,4,False,,False
933804,B,0.0,24.71,0,True,0.79,True
933806,other,,,369,False,,False
933810,other,,,107,False,,False
933832,C,0.0,36.88,0,True,0.79,True
933986,C,0.0,25.86,10,True,0.79,True
933996,C,0.0,25.5,11,True,0.79,True
934000,C,0.0,24.4,2,True,0.79,True
934074,C,0.0,28.89,0,True,0.79,True
934076,C,1.0,44.43,0,True,0.78,False
934098,C,2.0,31.8,0,True,0.79,False
934170,C,0.0,16.4,0,True,0.79,True
934188,B,0.0,34.67,2,True,0.79,True
934424,C,0.0,32.8,0,True,0.79,True
934426,other,,,222,False,,False
934428,C,0.0,40.48,0,True,0.78,True
934430,C,2.0,34.78,0,True,0.79,False
934432,C,0.0,47.83,0,True,0.78,True
934476,C,0.0,13.0,10,True,0.8,True
934534,B,2.0,61.84,0,True,0.78,False
934608,B,0.0,17.14,0,True,0.79,True
935216,C,0.0,5.0,33,True,0.8,True
935244,B,0.0,38.0,27,True,0.79,True
935246,other,,,6,False,,False
935264,B,0.0,14.0,55,True,0.8,True
935268,B,0.0,12.0,0,True,0.8,True
935348,B,1.0,51.64,170,True,0.78,False
935394,B,0.0,7.0,0,True,0.8,True
935548,C,0.0,17.25,4,True,0.79,True
935870,C,0.0,14.71,0,True,0.79,True
935956,B,0.0,52.5,1,True,0.78,True
935958,C,1.0,38.95,0,True,0.78,False
936110,C,0.0,59.71,0,True,0.78,True
936296,other,,,4,False,,False
936324,B,0.0,32.67,117,True,0.79,True
936382,B,0.0,39.0,425,True,0.79,True
936514,B,0.0,45.76,0,True,0.78,True
936984,B,0.0,30.25,0,True,0.79,True
937156,other,,,66,False,,False
937352,other,,,31,False,,False
937362,B,0.0,126.5,5,True,0.75,True
937366,B,0.0,80.5,3,True,0.77,True
937368,B,1.0,37.08,11,True,0.79,False
937370,B,0.0,7.0,7,True,0.8,True
937372,other,,,1262,True,,True
937374,B,0.0,55.94,0,True,0.78,True
937422,other,,,36,False,,False
937428,other,,,8,False,,False
937430,other,,,34,False,,False
937432,C,1.0,12.0,25,True,0.8,True
937604,B,0.0,16.0,55,True,0.79,True
937650,other,,,91,False,,False
937678,A,0.0,15.83,167,True,0.79,True
937708,A,0.0,78.19,673,True,0.77,True
937710,other,,,1,False,,False
937716,other,,,1,False,,False
937720,other,,,1,False,,False
937732,A,1.0,61.33,191,True,0.78,False
937736,A,2.0,109.53,1256,True,0.76,True
937742,A,0.0,23.64,3,True,0.79,True
937750,A,1.0,53.0,46,True,0.78,False
937752,A,0.0,118.37,1648,True,0.76,True
937760,A,0.0,98.97,737,True,0.76,True
937762,A,0.0,39.53,207,True,0.79,True
937770,other,,,1,False,,False
937772,other,,,1,False,,False
937774,A,0.0,79.92,155,True,0.77,True
937778,other,,,1,False,,False
937780,A,1.0,50.26,828,True,0.78,True
937782,A,0.0,20.88,29,True,0.79,True
937786,A,0.0,13.5,12,True,0.8,True
937788,A,0.0,52.11,476,True,0.78,True
937808,A,1.0,45.7,853,True,0.78,True
937810,A,0.0,23.06,301,True,0.79,True
937812,A,0.0,77.59,194,True,0.77,True
937854,A,0.0,48.58,577,True,0.78,True
937856,A,0.0,17.14,29,True,0.79,True
937860,A,1.0,56.53,1424,True,0.78,True
937862,A,0.0,48.93,362,True,0.78,True
937864,A,0.0,28.76,53,True,0.79,True
937868,A,1.0,30.13,264,True,0.79,True
937870,other,,,13,False,,False
937872,other,,,1,False,,False
937874,A,1.0,28.67,131,True,0.79,True
937880,A,0.0,13.0,0,True,0.8,True
937888,A,0.0,45.37,993,True,0.79,True
937898,A,0.0,54.0,32,True,0.78,True
937900,other,,,4,False,,False
937902,A,1.0,97.37,952,True,0.76,True
937956,A,8.0,17.41,1,True,0.79,True
937958,A,6.0,38.46,0,True,0.78,False
937960,A,2.0,47.96,0,True,0.78,False
937962,A,4.0,48.24,0,True,0.78,False
937966,A,3.0,62.39,856,True,0.78,True
937980,A,0.0,42.8,145,True,0.78,True
937984,A,0.0,25.33,40,True,0.79,True
937988,A,0.0,30.8,284,True,0.79,True
938022,B,0.0,30.2,265,True,0.79,True
938070,other,,,671,True,,True
938072,other,,,472,False,,False
938074,other,,,611,True,,True
938078,other,,,780,True,,True
938080,other,,,742,True,,True
938414,C,2.0,238.56,53,True,0.71,False
938432,C,0.0,30.67,0,True,0.79,True
938612,A,0.0,20.12,132,True,0.79,True
938614,A,1.0,15.77,30,True,0.79,True
938842,other,,,97,False,,False
938896,C,3.0,181.47,2304,True,0.74,True
939212,C,0.0,21.29,10,True,0.79,True
939218,B,0.0,9.67,367,True,0.8,True
939222,B,0.0,19.62,923,True,0.8,True
939224,B,1.0,34.33,1449,True,0.79,True
939236,other,,,5,False,,False
939370,B,2.0,215.76,491,True,0.72,False
939376,B,0.0,126.97,1126,True,0.75,True
939470,B,0.0,36.71,729,True,0.79,True
939474,B,0.0,135.85,586,True,0.75,True
939476,B,1.0,53.0,777,True,0.78,True
939478,B,0.0,48.09,105,True,0.78,True
939684,C,0.0,22.0,139,True,0.79,True
939698,C,0.0,13.0,1,True,0.8,True
939706,C,3.0,149.28,1023,True,0.74,True
939708,C,0.0,19.83,36,True,0.79,True
939716,A,0.0,20.0,16,True,0.79,True
939718,other,,,10,False,,False
939736,other,,,19,False,,False
939738,other,,,640,True,,True
939762,C,0.0,334.76,1956,True,0.67,True
939886,other,,,282,False,,False
940430,A,0.0,2.5,27,True,0.8,True
940432,A,0.0,60.47,166,True,0.78,True
940434,A,0.0,29.67,140,True,0.79,True
940436,A,0.0,36.11,6,True,0.79,True
940438,A,0.0,15.36,382,True,0.8,True
940440,A,0.0,32.44,14,True,0.79,True
940442,A,2.0,4.96,328,True,0.8,True
940456,A,0.0,14.27,33,True,0.79,True
940458,A,0.0,37.74,66,True,0.79,True
940460,other,,,85,False,,False
940474,other,,,30,False,,False
940486,other,,,23,False,,False
940508,A,0.0,41.5,0,True,0.78,True
940512,A,0.0,19.0,0,True,0.79,True
940514,A,0.0,11.0,0,True,0.8,True
940568,A,0.0,9.0,7,True,0.8,True
940588,A,0.0,175.84,67,True,0.73,True
940596,A,0.0,4.0,425,True,0.8,True
940610,A,0.0,4.0,1,True,0.8,True
940614,A,0.0,57.12,495,True,0.78,True
940616,A,3.0,109.69,2433,True,0.76,True
940622,A,1.0,157.05,718,True,0.74,True
940624,A,0.0,103.77,1195,True,0.76,True
940630,A,2.0,201.85,127,True,0.72,False
940634,A,1.0,131.44,1743,True,0.75,True
940652,A,0.0,80.29,860,True,0.77,True
940658,A,5.0,116.86,1769,True,0.76,True
940772,A,0.0,9.0,0,True,0.8,True
940782,other,,,8,False,,False
940788,other,,,11,False,,False
940802,other,,,5,False,,False
940814,other,,,2,False,,False
940828,A,0.0,2.0,9,True,0.8,True
940842,other,,,2,False,,False
940848,other,,,2,False,,False
940952,C,0.0,139.54,110,True,0.75,True
940968,B,0.0,24.08,0,True,0.79,True
941192,other,,,1164,True,,True
941384,A,0.0,23.12,672,True,0.79,True
941390,C,0.0,5.0,376,True,0.8,True
941628,B,0.0,19.0,147,True,0.79,True
941736,other,,,10,False,,False
941740,other,,,8,False,,False
941786,C,0.0,39.0,0,True,0.78,True
941810,other,,,4,False,,False
941816,other,,,1,False,,False
941826,other,,,1,False,,False
941838,other,,,9,False,,False
941842,other,,,3,False,,False
941844,B,1.0,29.25,11,True,0.79,True
942174,other,,,6,False,,False
942214,B,0.0,10.5,0,True,0.8,True
943050,other,,,73,False,,False
943066,B,0.0,73.81,179,True,0.77,True
943818,B,0.0,5.0,22,True,0.8,True
944210,B,0.0,219.74,46,True,0.71,True
944216,B,17.0,157.43,133,False,0.74,False
944218,B,10.0,190.7,169,True,0.72,False
944220,B,13.0,186.1,222,False,0.73,False
944222,B,10.0,140.25,355,True,0.74,False
944226,B,14.0,165.06,111,False,0.73,False
944228,B,0.0,141.3,5,True,0.74,True
944246,B,0.0,66.6,1,True,0.77,True
944310,A,0.0,7.5,0,True,0.8,True
944474,C,0.0,75.0,12,True,0.77,True
944476,C,0.0,97.85,16,True,0.76,True
944560,B,0.0,29.67,1,True,0.79,True
944564,C,0.0,14.0,0,True,0.79,True
944644,C,0.0,45.36,147,True,0.78,True
944646,C,1.0,85.62,340,True,0.77,False
944648,C,0.0,66.0,47,True,0.77,True
944764,C,2.0,117.76,257,True,0.75,False
944766,C,0.0,124.09,140,True,0.75,True
944808,B,0.0,17.5,0,True,0.79,True
944908,C,0.0,13.5,0,True,0.8,True
945046,B,3.0,75.85,29,True,0.77,False
945052,B,0.0,91.5,21,True,0.76,True
945058,B,0.0,37.5,1,True,0.79,True
945074,other,,,3,False,,False
945274,other,,,1,False,,False
945278,other,,,4133,True,,True
945280,other,,,2434,True,,True
945282,other,,,2345,True,,True
945284,other,,,2133,True,,True
945286,other,,,7218,True,,True
945288,other,,,2260,True,,True
945290,other,,,3649,True,,True
945294,other,,,3434,True,,True
945296,other,,,2580,True,,True
945298,other,,,1323,True,,True
945302,other,,,6480,True,,True
945304,other,,,2695,True,,True
945308,other,,,1628,True,,True
945310,other,,,3368,True,,True
945312,other,,,2146,True,,True
945314,other,,,1850,True,,True
945316,other,,,2669,True,,True
945318,other,,,1911,True,,True
945320,other,,,2354,True,,True
945322,other,,,4870,True,,True
945324,other,,,2254,True,,True
945710,B,0.0,17.0,0,True,0.79,True
945728,other,,,117,False,,False
945894,other,,,1464,True,,True
945898,other,,,3,False,,False
945900,other,,,4585,True,,True
945902,other,,,3054,True,,True
945904,other,,,3813,True,,True
946020,B,0.0,3.0,0,True,0.8,True
946032,B,0.0,8.0,0,True,0.8,True
946072,A,0.0,6.0,1,True,0.8,True
946454,other,,,13,False,,False
946468,B,0.0,25.0,0,True,0.79,True
946582,B,0.0,8.0,33,True,0.8,True
946916,B,0.0,42.0,0,True,0.78,True
946988,C,0.0,15.0,5,True,0.79,True
947304,C,0.0,12.2,677,True,0.8,True
947306,C,0.0,10.0,0,True,0.8,True
947480,other,,,5,False,,False
947590,other,,,175,False,,False
947592,other,,,891,True,,True
947596,other,,,1,False,,False
947598,other,,,453,False,,False
947600,other,,,316,False,,False
947604,A,0.0,14.0,958,True,0.8,True
947610,A,0.0,9.5,22,True,0.8,True
947612,A,0.0,18.0,114,True,0.79,True
947614,other,,,995,True,,True
947616,other,,,2036,True,,True
947618,other,,,1077,True,,True
947620,other,,,1260,True,,True
947636,other,,,102,False,,False
947638,A,0.0,27.0,1318,True,0.79,True
947640,other,,,487,False,,False
947642,A,0.0,14.0,949,True,0.8,True
947644,other,,,468,False,,False
947646,other,,,1893,True,,True
947648,other,,,3071,True,,True
947650,other,,,1686,True,,True
947652,other,,,538,False,,False
947654,other,,,2486,True,,True
947658,other,,,2818,True,,True
947816,A,0.0,36.67,30,True,0.79,True
947818,A,0.0,34.25,35,True,0.79,True
947820,other,,,9,False,,False
948150,A,0.0,84.67,9,True,0.77,True
948170,A,0.0,15.0,3,True,0.79,True
948182,C,0.0,56.52,460,True,0.78,True
948282,A,0.0,1.0,0,True,0.8,True
948284,A,0.0,26.75,0,True,0.79,True
948286,A,4.0,138.69,0,True,0.74,False
948288,A,1.0,29.6,0,True,0.79,True
948524,C,0.0,5.5,0,True,0.8,True
948756,other,,,171,False,,False
948758,C,1.0,57.38,533,True,0.78,False
949252,C,0.0,20.0,0,True,0.79,True
949420,C,0.0,1.0,1,True,0.8,True
950444,other,,,86,False,,False
950632,C,0.0,13.0,0,True,0.8,True
950634,C,0.0,13.75,0,True,0.79,True
950640,C,0.0,9.0,0,True,0.8,True
950672,A,0.0,13.0,53,True,0.8,True
950806,A,0.0,16.75,4,True,0.79,True
950972,A,0.0,29.25,816,True,0.79,True
951046,A,0.0,14.0,41,True,0.79,True
951118,B,0.0,32.5,0,True,0.79,True
951186,C,0.0,66.0,9,True,0.77,True
951290,B,0.0,17.0,20,True,0.79,True
951332,C,0.0,64.0,5,True,0.77,True
951408,other,,,34,False,,False
951490,C,0.0,26.0,0,True,0.79,True
951492,A,0.0,46.14,160,True,0.78,True
951506,A,0.0,94.82,200,True,0.76,True
951508,A,0.0,259.09,149,True,0.7,True
951526,C,0.0,19.91,0,True,0.79,True
951614,C,0.0,23.33,0,True,0.79,True
951648,other,,,161,False,,False
951650,C,0.0,45.0,10,True,0.78,True
952114,C,0.0,3.0,690,True,0.8,True
952116,other,,,354,False,,False
952126,B,0.0,20.2,0,True,0.79,True
952196,B,0.0,12.0,3,True,0.8,True
952292,C,0.0,81.0,0,True,0.77,True
952392,other,,,1557,True,,True
952458,other,,,1633,True,,True
952460,other,,,197,False,,False
952462,C,0.0,28.17,2,True,0.79,True
952466,other,,,134,False,,False
952468,other,,,1140,True,,True
952656,C,0.0,7.5,41,True,0.8,True
952666,C,0.0,15.0,0,True,0.79,True
952678,C,0.0,30.0,0,True,0.79,True
952734,B,0.0,23.79,0,True,0.79,True
952914,C,0.0,38.87,586,True,0.79,True
952916,C,0.0,25.0,7,True,0.79,True
952948,A,7.0,170.85,1273,True,0.74,True
952954,A,0.0,1.0,0,True,0.8,True
952968,B,0.0,5.0,1,True,0.8,True
952982,C,0.0,1.17,0,True,0.8,True
953362,other,,,10,False,,False
953458,other,,,61,False,,False
953460,other,,,10,False,,False
953462,other,,,733,True,,True
953464,C,0.0,30.0,395,True,0.79,True
953940,C,0.0,9.0,0,True,0.8,True
953952,C,0.0,30.33,0,True,0.79,True
954086,C,0.0,64.0,1,True,0.77,True
954284,other,,,1,False,,False
954290,C,0.0,28.14,0,True,0.79,True
954318,B,0.0,4.0,1,True,0.8,True
954376,other,,,4,False,,False
954378,other,,,8,False,,False
954380,other,,,4,False,,False
954616,B,0.0,7.67,0,True,0.8,True
954642,other,,,385,False,,False
954650,C,0.0,251.74,902,True,0.7,True
954750,C,0.0,285.47,69,True,0.69,True
954810,B,0.0,30.55,0,True,0.79,True
955032,C,0.0,28.82,34,True,0.79,True
955068,other,,,2,False,,False
955082,other,,,14,False,,False
955086,other,,,1,False,,False
955090,other,,,26,False,,False
955094,other,,,2,False,,False
955164,C,0.0,26.0,3,True,0.79,True
955436,B,0.0,23.0,0,True,0.79,True
955820,other,,,9,False,,False
956080,A,0.0,84.0,0,True,0.77,True
956268,C,0.0,31.33,22,True,0.79,True
956276,B,0.0,17.67,9,True,0.79,True
956292,B,0.0,11.67,2,True,0.8,True
956298,other,,,16,False,,False
956480,B,0.0,72.71,0,True,0.77,True
956484,B,0.0,30.33,0,True,0.79,True
956664,B,0.0,9.0,0,True,0.8,True
957022,other,,,21,False,,False
957922,C,1.0,13.0,16,True,0.8,True
958394,C,0.0,15.7,0,True,0.79,True
958416,C,0.0,26.62,310,True,0.79,True
958418,C,0.0,21.25,491,True,0.79,True
958430,B,0.0,45.44,295,True,0.78,True
958432,B,0.0,37.7,152,True,0.79,True
958434,B,0.0,87.9,144,True,0.77,True
958440,other,,,81,False,,False
958444,other,,,64,False,,False
958452,B,0.0,31.09,459,True,0.79,True
958454,B,0.0,30.0,24,True,0.79,True
958456,B,0.0,44.0,870,True,0.79,True
958458,other,,,1,False,,False
958460,B,0.0,381.15,114,True,0.65,True
958468,B,0.0,61.0,524,True,0.78,True
958470,B,0.0,50.67,13,True,0.78,True
958472,other,,,28,False,,False
958478,B,0.0,47.4,322,True,0.78,True
958480,other,,,138,False,,False
958640,B,1.0,10.5,11,True,0.8,True
958672,other,,,52,False,,False
959118,other,,,17,False,,False
959312,C,1.0,32.15,148,True,0.79,False
959596,other,,,9,False,,False
960294,B,0.0,36.0,296,True,0.79,True
960296,B,0.0,63.0,170,True,0.78,True
960620,A,1.0,74.8,58,True,0.77,False
960648,A,0.0,72.38,79,True,0.77,True
960666,other,,,1,False,,False
960670,other,,,3,False,,False
960672,other,,,244,False,,False
960674,other,,,2,False,,False
960698,B,0.0,33.67,0,True,0.79,True
960950,other,,,18,False,,False
961064,A,0.0,28.83,904,True,0.79,True
961552,B,0.0,104.0,16,True,0.76,True
961770,B,0.0,54.12,0,True,0.78,True
962062,B,0.0,25.5,0,True,0.79,True
962168,C,0.0,17.25,0,True,0.79,True
962268,B,0.0,58.36,103,True,0.78,True
962658,C,0.0,194.36,338,True,0.72,True
962902,C,0.0,134.17,402,True,0.75,True
962904,other,,,2,False,,False
963716,other,,,1,False,,False
964510,C,0.0,28.4,131,True,0.79,True
964518,C,0.0,42.0,0,True,0.78,True
964666,A,0.0,80.14,875,True,0.77,True
964712,C,0.0,40.67,9,True,0.78,True
964716,other,,,300,False,,False
965232,other,,,37,False,,False
965328,other,,,28,False,,False
965538,other,,,475,False,,False
965540,other,,,823,True,,True
965542,other,,,681,True,,True
965544,other,,,1277,True,,True
965942,C,0.0,25.5,0,True,0.79,True
966158,C,0.0,15.0,34,True,0.79,True
966686,A,0.0,33.0,1,True,0.79,True
967204,other,,,3,False,,False
967310,B,0.0,8.0,58,True,0.8,True
968150,B,0.0,2.0,91,True,0.8,True
968232,A,0.0,13.0,0,True,0.8,True
968338,B,0.0,19.17,228,True,0.79,True
968368,B,0.0,19.0,0,True,0.79,True
968520,A,0.0,5.0,0,True,0.8,True
969262,other,,,1,False,,False
969268,other,,,5,False,,False
969272,C,0.0,261.14,241,True,0.7,True
969284,other,,,1,False,,False
969286,other,,,8,False,,False
969288,C,0.0,44.0,2,True,0.78,True
969294,C,0.0,177.5,12,True,0.73,True
969380,C,0.0,21.0,14,True,0.79,True
969386,other,,,55,False,,False
969600,other,,,19,False,,False
970240,B,0.0,44.0,1,True,0.78,True
970242,other,,,10,False,,False
970244,B,0.0,81.0,2,True,0.77,True
970250,other,,,1,False,,False
970252,B,0.0,25.0,5,True,0.79,True
970254,B,0.0,121.0,9,True,0.75,True
970258,other,,,1,False,,False
970484,other,,,7,False,,False
970486,other,,,6,False,,False
971100,C,0.0,13.0,0,True,0.8,True
971102,C,0.0,338.0,0,True,0.67,True
971354,B,0.0,42.0,0,True,0.78,True
972408,other,,,8,False,,False
972410,other,,,77,False,,False
972412,B,0.0,25.0,60,True,0.79,True
972460,C,0.0,4.0,50,True,0.8,True
973120,other,,,3,False,,False
973286,B,0.0,88.0,0,True,0.77,True
